playerid,Name,Team,MarApr_PA,MarApr_AB,MarApr_H,MarApr_HR,MarApr_R,MarApr_RBI,MarApr_SB,MarApr_BB%,MarApr_K%,MarApr_ISO,MarApr_BABIP,MarApr_AVG,MarApr_OBP,MarApr_SLG,MarApr_LD%,MarApr_GB%,MarApr_FB%,MarApr_IFFB%,MarApr_HR/FB,MarApr_O-Swing%,MarApr_Z-Swing%,MarApr_Swing%,MarApr_O-Contact%,MarApr_Z-Contact%,MarApr_Contact%,FullSeason_OBP
15998,Cody Bellinger,LAD,132,109,47,14,32,37,5,14.4%,11.4%,0.45899999999999996,0.39799999999999996,0.431,0.508,0.89,34.0%,29.9%,36.1%,5.7%,40.0%,22.6%,66.0%,40.7%,81.1%,88.4%,86.0%,0.406
11477,Christian Yelich,MIL,124,102,36,14,26,34,6,16.1%,16.1%,0.451,0.319,0.353,0.46,0.804,15.7%,43.4%,41.0%,11.8%,41.2%,27.9%,72.4%,44.8%,56.6%,87.8%,75.7%,0.429
17975,Scott Kingery,PHI,35,32,13,2,5,6,1,2.9%,14.3%,0.313,0.44,0.406,0.457,0.7190000000000001,14.8%,51.9%,33.3%,0.0%,22.2%,40.2%,74.5%,53.5%,54.3%,85.4%,71.1%,0.315
7927,Eric Sogard,TOR,49,43,17,3,8,9,2,10.2%,10.2%,0.302,0.4,0.395,0.45799999999999996,0.698,29.7%,29.7%,40.5%,0.0%,20.0%,27.3%,50.5%,37.3%,93.9%,97.8%,96.2%,0.353
14130,Daniel Vogelbach,SEA,92,71,22,8,15,16,0,21.7%,21.7%,0.423,0.318,0.31,0.457,0.732,21.2%,26.9%,51.9%,7.4%,29.6%,23.7%,48.8%,33.7%,66.1%,82.7%,75.7%,0.341
12861,Anthony Rendon,WSN,86,73,26,6,21,18,0,10.5%,17.4%,0.384,0.377,0.35600000000000004,0.442,0.74,20.3%,30.5%,49.2%,10.3%,20.7%,22.9%,64.6%,40.3%,71.7%,93.5%,86.3%,0.41200000000000003
15161,Mitch Garver,MIN,50,46,16,5,11,10,0,8.0%,26.0%,0.413,0.39299999999999996,0.348,0.4,0.7609999999999999,18.2%,42.4%,39.4%,0.0%,38.5%,20.9%,51.1%,32.9%,57.1%,91.1%,78.1%,0.365
13499,Tom Murphy,SEA,30,27,10,2,3,4,0,10.0%,36.7%,0.33299999999999996,0.5710000000000001,0.37,0.433,0.7040000000000001,37.5%,12.5%,50.0%,0.0%,25.0%,29.5%,64.5%,45.0%,39.1%,82.5%,66.7%,0.324
15117,Hunter Dozier,KCR,103,86,30,7,14,17,0,14.6%,17.5%,0.337,0.371,0.349,0.447,0.6859999999999999,18.8%,31.9%,49.3%,0.0%,20.6%,22.4%,55.3%,37.0%,51.1%,94.4%,79.9%,0.348
15672,Austin Meadows,TBR,83,74,26,6,11,19,3,9.6%,21.7%,0.324,0.4,0.35100000000000003,0.42200000000000004,0.6759999999999999,23.2%,33.9%,42.9%,12.5%,25.0%,26.9%,56.7%,38.5%,58.3%,83.8%,72.9%,0.364
17321,Michael Chavis,BOS,39,32,10,3,7,8,1,15.4%,25.6%,0.313,0.368,0.313,0.436,0.625,9.1%,45.5%,45.5%,10.0%,30.0%,24.2%,67.1%,42.9%,50.0%,68.1%,62.3%,0.322
14128,Joey Gallo,TEX,109,87,23,10,20,25,0,19.3%,34.9%,0.414,0.325,0.264,0.40399999999999997,0.6779999999999999,28.0%,30.0%,42.0%,4.8%,47.6%,23.3%,69.4%,41.2%,32.4%,74.4%,59.9%,0.389
10155,Mike Trout,LAA,119,85,25,6,19,16,4,24.4%,11.8%,0.271,0.28800000000000003,0.294,0.48700000000000004,0.565,27.8%,31.9%,40.3%,6.9%,20.7%,16.1%,57.9%,33.5%,81.4%,96.4%,92.2%,0.43799999999999994
11609,Willson Contreras,CHC,98,80,23,7,17,17,1,13.3%,28.6%,0.33799999999999997,0.35600000000000004,0.28800000000000003,0.418,0.625,13.7%,41.2%,45.1%,8.7%,30.4%,32.1%,70.3%,45.6%,59.8%,79.8%,70.7%,0.355
8709,Elvis Andrus,TEX,120,108,39,5,19,20,6,8.3%,19.2%,0.222,0.425,0.361,0.425,0.583,30.6%,45.9%,23.5%,0.0%,25.0%,31.1%,57.1%,42.0%,61.2%,83.9%,74.1%,0.313
15172,Tim Anderson,CHW,99,96,36,6,21,18,10,2.0%,21.2%,0.24,0.435,0.375,0.39399999999999996,0.615,22.7%,46.7%,30.7%,4.3%,26.1%,44.8%,79.4%,58.0%,66.3%,88.5%,77.9%,0.35700000000000004
15149,Trey Mancini,BAL,121,110,39,6,23,14,0,8.3%,20.7%,0.264,0.413,0.355,0.405,0.618,25.6%,37.2%,37.2%,12.5%,18.8%,33.7%,69.3%,48.7%,68.8%,81.4%,76.4%,0.364
15653,Dominic Smith,NYM,34,27,10,0,7,4,0,17.6%,17.6%,0.07400000000000001,0.47600000000000003,0.37,0.5,0.444,23.8%,42.9%,33.3%,14.3%,0.0%,29.7%,63.8%,43.0%,77.8%,73.0%,75.0%,0.355
18015,Paul DeJong,STL,129,117,40,5,26,13,2,7.8%,17.1%,0.265,0.389,0.342,0.40299999999999997,0.607,27.4%,29.5%,43.2%,9.8%,12.2%,25.5%,72.3%,46.6%,60.6%,85.1%,77.7%,0.318
19251,Pete Alonso,NYM,123,106,31,9,20,26,0,11.4%,28.5%,0.349,0.349,0.292,0.382,0.642,19.4%,41.7%,38.9%,7.1%,32.1%,33.7%,63.7%,45.0%,57.0%,83.1%,70.9%,0.358
16472,Rhys Hoskins,PHI,128,104,29,8,19,24,0,16.4%,25.8%,0.308,0.33299999999999996,0.27899999999999997,0.414,0.5870000000000001,19.7%,29.6%,50.7%,16.7%,22.2%,22.4%,57.8%,37.6%,68.8%,84.6%,79.2%,0.364
12858,Brian Goodwin,LAA,95,80,27,4,19,11,0,12.6%,21.1%,0.23800000000000002,0.40399999999999997,0.33799999999999997,0.426,0.575,29.5%,32.8%,37.7%,0.0%,17.4%,24.6%,60.1%,40.2%,61.4%,85.5%,77.2%,0.326
3174,Shin-Soo Choo,TEX,117,102,34,3,20,11,2,11.1%,18.8%,0.235,0.40299999999999997,0.33299999999999996,0.419,0.569,20.3%,45.6%,34.2%,0.0%,11.1%,20.9%,67.3%,42.6%,45.3%,84.7%,74.4%,0.371
15362,Jeff McNeil,NYM,116,100,37,1,15,12,0,8.6%,9.5%,0.13,0.409,0.37,0.457,0.5,21.8%,46.0%,32.2%,10.7%,3.6%,31.9%,78.1%,51.1%,67.1%,88.6%,80.8%,0.384
13419,Christian Walker,ARI,113,101,31,7,16,15,3,10.6%,29.2%,0.307,0.39299999999999996,0.307,0.381,0.614,19.1%,41.2%,39.7%,7.4%,25.9%,30.4%,73.3%,48.0%,46.8%,75.0%,64.5%,0.348
13152,Jorge Polanco,MIN,113,100,32,5,15,10,0,9.7%,15.9%,0.28,0.34600000000000003,0.32,0.389,0.6,27.2%,19.8%,53.1%,7.0%,11.6%,30.2%,62.4%,43.8%,77.5%,88.4%,84.1%,0.35600000000000004
4229,Howie Kendrick,WSN,63,51,16,4,11,13,0,12.7%,14.3%,0.294,0.293,0.314,0.397,0.608,15.6%,42.2%,42.2%,0.0%,21.1%,28.9%,65.9%,43.0%,78.0%,96.6%,88.9%,0.395
13338,Omar Narvaez,SEA,91,77,25,5,20,13,0,13.2%,18.7%,0.221,0.35700000000000004,0.325,0.418,0.545,21.3%,32.8%,45.9%,7.1%,17.9%,27.6%,71.2%,45.9%,75.8%,81.0%,79.2%,0.353
17027,Alex Verdugo,LAD,72,69,23,4,8,16,0,4.2%,11.1%,0.29,0.33299999999999996,0.33299999999999996,0.361,0.623,21.3%,45.9%,32.8%,0.0%,20.0%,25.3%,59.4%,40.2%,80.0%,95.1%,89.8%,0.342
16578,Yandy Diaz,TBR,114,94,28,7,18,18,1,14.9%,17.5%,0.298,0.3,0.298,0.395,0.596,14.3%,54.5%,31.2%,8.3%,29.2%,21.2%,69.3%,41.0%,63.2%,80.2%,75.0%,0.34
9134,Tyler Flowers,ATL,59,53,18,3,7,4,0,6.8%,30.5%,0.20800000000000002,0.469,0.34,0.40700000000000003,0.547,28.6%,34.3%,37.1%,7.7%,23.1%,24.6%,64.9%,42.9%,48.5%,83.3%,72.4%,0.319
2434,Nelson Cruz,MIN,91,78,23,5,14,15,0,11.0%,25.3%,0.26899999999999996,0.36,0.295,0.396,0.564,29.1%,23.6%,47.3%,3.8%,19.2%,27.2%,70.5%,42.6%,47.7%,82.8%,68.4%,0.392
12859,James McCann,CHW,60,56,20,2,9,5,2,6.7%,21.7%,0.179,0.439,0.35700000000000004,0.4,0.536,30.2%,32.6%,37.2%,0.0%,12.5%,29.8%,68.8%,47.7%,56.4%,81.8%,73.3%,0.32799999999999996
11899,Joc Pederson,LAD,110,92,22,10,22,18,0,10.9%,19.1%,0.38,0.19399999999999998,0.239,0.355,0.62,14.1%,43.7%,42.3%,6.7%,33.3%,31.0%,66.3%,46.1%,72.7%,84.4%,79.9%,0.33899999999999997
11442,Gary Sanchez,NYY,67,60,14,8,10,18,0,7.5%,26.9%,0.433,0.17600000000000002,0.233,0.313,0.667,14.3%,21.4%,64.3%,14.8%,29.6%,38.2%,57.9%,46.2%,53.3%,82.3%,68.0%,0.316
15983,Clint Frazier,NYY,73,68,22,6,10,17,0,4.1%,21.9%,0.309,0.33299999999999996,0.324,0.342,0.632,20.4%,37.0%,42.6%,4.3%,26.1%,24.8%,73.8%,46.7%,37.5%,84.4%,70.6%,0.317
17232,Yoan Moncada,CHW,115,105,33,6,22,20,2,7.8%,22.6%,0.257,0.37,0.314,0.374,0.5710000000000001,22.8%,40.5%,36.7%,10.3%,20.7%,26.5%,67.8%,46.0%,55.6%,84.8%,76.0%,0.36700000000000005
5361,Freddie Freeman,ATL,133,110,33,5,23,18,0,15.8%,18.0%,0.2,0.34600000000000003,0.3,0.42100000000000004,0.5,32.6%,33.7%,33.7%,0.0%,17.2%,27.8%,79.5%,48.4%,67.4%,77.9%,74.3%,0.389
11875,Ronny Rodriguez,DET,32,29,8,2,6,4,1,6.3%,25.0%,0.414,0.3,0.276,0.313,0.69,9.5%,33.3%,57.1%,8.3%,16.7%,46.6%,68.2%,55.9%,55.6%,76.7%,66.7%,0.252
4940,Jason Heyward,CHC,101,81,25,5,15,15,4,16.8%,13.9%,0.198,0.313,0.309,0.426,0.506,17.4%,46.4%,36.2%,12.0%,20.0%,26.0%,66.2%,41.9%,74.1%,91.1%,84.7%,0.34299999999999997
16505,Matt Chapman,OAK,120,101,29,7,12,17,0,11.7%,11.7%,0.267,0.268,0.287,0.38299999999999995,0.5539999999999999,15.7%,40.4%,43.8%,17.9%,17.9%,22.2%,59.1%,38.4%,83.6%,85.6%,85.0%,0.342
16219,J.D. Davis,NYM,74,63,19,3,12,8,0,14.9%,16.2%,0.20600000000000002,0.33299999999999996,0.302,0.405,0.508,25.5%,49.0%,25.5%,7.7%,23.1%,20.0%,68.1%,42.4%,67.7%,81.5%,78.0%,0.369
5209,Alex Gordon,KCR,124,103,31,5,18,22,0,9.7%,11.3%,0.243,0.299,0.301,0.395,0.544,18.9%,45.6%,35.6%,3.1%,15.6%,22.9%,75.9%,44.9%,66.7%,89.9%,82.9%,0.345
10324,Marcell Ozuna,STL,114,100,26,10,24,28,3,11.4%,21.9%,0.35,0.24600000000000002,0.26,0.35100000000000003,0.61,21.3%,37.3%,41.3%,9.7%,32.3%,31.6%,67.0%,46.2%,55.3%,80.2%,70.1%,0.32799999999999996
14811,Luke Voit,NYY,130,109,30,8,21,25,0,13.8%,23.8%,0.248,0.314,0.275,0.392,0.523,34.6%,34.6%,30.8%,0.0%,33.3%,25.8%,78.1%,47.7%,46.8%,81.0%,70.2%,0.37799999999999995
15640,Aaron Judge,NYY,89,73,21,5,13,11,2,15.7%,29.2%,0.233,0.37200000000000005,0.28800000000000003,0.40399999999999997,0.521,31.3%,39.6%,29.2%,0.0%,35.7%,24.1%,66.5%,42.4%,38.5%,78.0%,65.2%,0.381
13145,Josh Bell,PIT,113,98,28,6,16,21,0,10.6%,23.9%,0.306,0.32799999999999996,0.28600000000000003,0.363,0.5920000000000001,20.5%,42.5%,37.0%,3.7%,22.2%,27.2%,73.2%,44.2%,66.7%,80.5%,75.1%,0.36700000000000005
10681,Gio Urshela,NYY,66,58,20,1,8,6,1,7.6%,13.6%,0.155,0.38799999999999996,0.345,0.409,0.5,34.0%,40.0%,26.0%,15.4%,7.7%,37.1%,69.4%,50.6%,76.8%,89.3%,84.0%,0.355
12979,Javier Baez,CHC,123,116,35,9,23,22,2,5.7%,26.8%,0.31,0.35100000000000003,0.302,0.341,0.612,16.9%,43.4%,39.8%,6.1%,27.3%,45.4%,75.4%,55.7%,55.6%,85.0%,69.3%,0.316
16376,Michael Conforto,NYM,129,104,28,6,20,14,2,17.1%,22.5%,0.25,0.314,0.26899999999999996,0.40299999999999997,0.519,25.0%,26.3%,48.7%,5.4%,16.2%,23.5%,66.7%,40.5%,61.5%,81.9%,74.8%,0.363
6153,Eduardo Escobar,ARI,124,109,33,5,17,17,0,8.9%,21.8%,0.239,0.359,0.303,0.379,0.541,22.9%,41.0%,36.1%,3.3%,16.7%,37.7%,60.2%,46.3%,61.4%,85.7%,73.5%,0.32
12856,George Springer,HOU,135,117,32,9,21,24,3,11.9%,25.9%,0.29100000000000004,0.311,0.27399999999999997,0.363,0.564,14.5%,49.4%,36.1%,6.7%,30.0%,21.4%,71.5%,42.9%,55.6%,79.0%,72.3%,0.38299999999999995
14162,Carlos Correa,HOU,116,104,31,6,12,18,1,8.6%,26.7%,0.26,0.368,0.298,0.36200000000000004,0.5579999999999999,28.8%,37.0%,34.2%,8.0%,24.0%,29.5%,65.0%,45.0%,59.2%,85.4%,75.7%,0.358
4866,Jarrod Dyson,ARI,75,64,20,3,13,8,3,13.3%,16.0%,0.188,0.34,0.313,0.4,0.5,20.4%,59.2%,20.4%,0.0%,30.0%,23.4%,64.7%,40.3%,55.0%,90.9%,78.6%,0.313
17678,Alex Bregman,HOU,122,96,26,5,14,14,2,18.0%,14.8%,0.20800000000000002,0.28,0.271,0.41,0.479,27.5%,25.0%,47.5%,13.2%,13.2%,17.5%,59.0%,35.1%,62.0%,91.9%,83.3%,0.423
13611,Mookie Betts,BOS,132,112,33,6,22,15,1,13.6%,14.4%,0.23199999999999998,0.307,0.295,0.39399999999999996,0.527,16.0%,41.5%,42.6%,17.5%,15.0%,17.2%,58.1%,35.8%,73.1%,93.2%,87.9%,0.391
5038,Josh Donaldson,ATL,119,97,25,5,20,13,0,17.6%,26.9%,0.237,0.33299999999999996,0.258,0.395,0.495,16.9%,49.2%,33.8%,9.1%,22.7%,22.7%,72.9%,42.3%,54.2%,77.0%,69.5%,0.379
12144,Max Kepler,MIN,102,90,25,7,15,16,0,10.8%,17.6%,0.289,0.273,0.278,0.353,0.5670000000000001,13.7%,39.7%,46.6%,14.7%,20.6%,30.9%,77.4%,51.0%,58.7%,91.7%,80.3%,0.336
2967,Tommy Pham,TBR,125,102,30,4,14,12,6,16.8%,15.2%,0.16699999999999998,0.325,0.294,0.41600000000000004,0.461,21.4%,54.8%,23.8%,5.0%,20.0%,14.1%,65.2%,36.9%,66.7%,87.7%,83.2%,0.369
3353,Matt Joyce,ATL,30,27,7,2,3,5,0,10.0%,26.7%,0.33299999999999996,0.294,0.259,0.33299999999999996,0.593,15.8%,31.6%,52.6%,0.0%,20.0%,22.0%,61.8%,41.2%,53.8%,79.4%,72.3%,0.408
19709,Fernando Tatis Jr.,SDP,111,100,30,6,14,13,6,7.2%,28.8%,0.25,0.381,0.3,0.36,0.55,13.4%,49.3%,37.3%,8.0%,24.0%,34.5%,71.7%,49.0%,54.9%,78.0%,68.1%,0.379
18882,Brandon Lowe,TBR,100,90,26,6,17,17,3,8.0%,33.0%,0.278,0.385,0.289,0.35,0.5670000000000001,32.8%,36.2%,31.0%,11.1%,33.3%,33.3%,79.2%,52.5%,38.5%,77.4%,63.0%,0.336
3892,Josh Reddick,HOU,99,91,32,3,13,7,1,8.1%,11.1%,0.132,0.377,0.35200000000000004,0.40399999999999997,0.484,25.3%,38.0%,36.7%,3.4%,10.3%,35.7%,78.1%,54.0%,74.6%,93.2%,86.2%,0.319
4892,Mike Moustakas,MIL,102,90,24,7,14,15,1,10.8%,20.6%,0.289,0.27399999999999997,0.267,0.353,0.556,22.1%,30.9%,47.1%,21.9%,21.9%,34.4%,66.2%,46.0%,69.3%,85.7%,78.0%,0.32899999999999996
14523,Pedro Severino,BAL,47,42,11,4,5,8,0,8.5%,21.3%,0.31,0.25,0.262,0.34,0.5710000000000001,18.8%,40.6%,40.6%,30.8%,30.8%,21.9%,60.0%,38.9%,47.8%,88.2%,75.7%,0.321
18401,Ronald Acuna Jr.,ATL,128,105,29,6,17,19,2,14.1%,21.9%,0.21899999999999997,0.324,0.276,0.392,0.495,23.4%,42.9%,33.8%,7.7%,23.1%,23.1%,70.1%,42.0%,74.7%,82.2%,79.8%,0.365
3711,Eric Thames,MIL,63,55,15,5,10,16,0,7.9%,34.9%,0.29100000000000004,0.345,0.273,0.349,0.564,29.4%,20.6%,50.0%,0.0%,29.4%,25.3%,68.2%,43.5%,45.9%,83.6%,70.9%,0.34600000000000003
13744,David Dahl,COL,89,81,26,2,11,8,0,6.7%,31.5%,0.222,0.462,0.321,0.364,0.5429999999999999,28.3%,37.7%,34.0%,0.0%,11.1%,40.7%,72.3%,52.6%,54.0%,77.7%,66.3%,0.353
4106,Michael Brantley,HOU,129,118,39,5,17,18,3,7.0%,10.9%,0.18600000000000003,0.34,0.331,0.38,0.517,26.2%,46.6%,27.2%,0.0%,17.9%,27.9%,62.3%,43.9%,83.1%,96.9%,92.2%,0.37200000000000005
2396,Carlos Santana,CLE,114,95,30,3,17,16,1,15.8%,15.8%,0.147,0.365,0.316,0.43,0.46299999999999997,20.8%,53.2%,26.0%,0.0%,15.0%,23.6%,70.2%,42.7%,57.8%,87.1%,77.6%,0.397
6184,J.D. Martinez,BOS,120,105,34,4,15,15,1,10.0%,14.2%,0.171,0.353,0.324,0.4,0.495,18.0%,41.6%,40.4%,0.0%,11.1%,34.8%,79.1%,54.4%,55.1%,89.3%,77.1%,0.38299999999999995
12371,Tommy La Stella,LAA,90,76,19,7,15,18,0,11.1%,5.6%,0.289,0.188,0.25,0.35200000000000004,0.539,21.1%,42.3%,36.6%,7.7%,26.9%,18.9%,56.8%,38.4%,91.2%,90.7%,90.8%,0.34600000000000003
2151,Edwin Encarnacion,SEA,114,95,24,8,19,20,0,13.2%,17.5%,0.263,0.235,0.253,0.368,0.516,23.7%,32.9%,43.4%,6.1%,24.2%,25.9%,62.8%,40.5%,68.4%,78.3%,74.5%,0.344
10322,Danny Santana,TEX,63,59,20,2,13,9,5,1.6%,25.4%,0.203,0.429,0.33899999999999997,0.355,0.542,29.5%,34.1%,36.4%,12.5%,12.5%,38.5%,72.7%,54.7%,66.0%,87.5%,79.5%,0.324
5930,Nick Markakis,ATL,121,103,34,2,18,18,0,12.4%,13.2%,0.146,0.364,0.33,0.405,0.47600000000000003,30.0%,50.0%,20.0%,0.0%,11.1%,27.5%,63.2%,43.1%,85.5%,88.5%,87.4%,0.35600000000000004
5933,Jean Segura,PHI,83,76,25,1,15,11,1,6.0%,13.3%,0.158,0.375,0.32899999999999996,0.386,0.48700000000000004,16.9%,58.5%,24.6%,0.0%,6.3%,33.5%,56.3%,43.3%,77.4%,94.0%,86.7%,0.32299999999999995
5452,Ji-Man Choi,TBR,80,67,20,1,10,8,1,12.5%,20.0%,0.16399999999999998,0.373,0.299,0.4,0.46299999999999997,28.8%,48.1%,23.1%,8.3%,8.3%,19.1%,69.6%,41.7%,68.6%,84.5%,80.4%,0.363
4062,Dexter Fowler,STL,94,80,25,1,12,7,1,12.8%,21.3%,0.113,0.40700000000000003,0.313,0.415,0.425,35.6%,40.7%,23.7%,7.1%,7.1%,19.8%,70.7%,40.8%,59.6%,80.5%,74.5%,0.34600000000000003
2136,David Peralta,ARI,132,123,39,4,19,20,0,5.3%,24.2%,0.22,0.39799999999999996,0.317,0.35600000000000004,0.537,25.0%,46.7%,28.3%,3.8%,15.4%,38.4%,67.0%,50.6%,66.0%,85.8%,77.2%,0.34299999999999997
14593,David Bote,CHC,74,65,18,3,11,14,0,9.5%,20.3%,0.231,0.319,0.27699999999999997,0.365,0.508,14.0%,56.0%,30.0%,13.3%,20.0%,28.2%,62.4%,42.4%,58.0%,91.0%,78.1%,0.36200000000000004
4810,Brian McCann,ATL,48,40,13,1,2,8,0,12.5%,8.3%,0.125,0.33299999999999996,0.325,0.41700000000000004,0.45,18.9%,51.4%,29.7%,9.1%,9.1%,29.2%,63.8%,42.3%,87.9%,90.9%,89.6%,0.32299999999999995
3473,Anthony Rizzo,CHC,124,101,23,6,20,18,1,12.9%,16.1%,0.257,0.22699999999999998,0.228,0.371,0.485,21.0%,37.0%,42.0%,8.8%,17.6%,32.0%,58.8%,42.4%,75.5%,88.3%,82.4%,0.405
7996,Jose Martinez,STL,82,77,28,1,12,13,1,4.9%,18.3%,0.10400000000000001,0.435,0.364,0.39,0.46799999999999997,28.6%,44.4%,27.0%,5.9%,5.9%,29.1%,61.0%,44.0%,71.7%,91.8%,84.7%,0.34
9054,Justin Smoak,TOR,109,91,24,5,15,18,0,14.7%,22.0%,0.198,0.306,0.264,0.385,0.462,20.9%,28.4%,50.7%,2.9%,14.7%,21.7%,59.4%,36.9%,61.7%,89.2%,79.5%,0.342
11579,Bryce Harper,PHI,129,104,25,6,17,20,1,17.8%,29.5%,0.25,0.317,0.24,0.38799999999999996,0.49,18.5%,44.6%,36.9%,16.7%,25.0%,26.9%,78.3%,47.0%,46.0%,74.1%,64.3%,0.37200000000000005
12532,Kolten Wong,STL,113,92,25,4,14,15,5,14.2%,15.0%,0.196,0.292,0.272,0.39799999999999996,0.467,16.4%,42.5%,41.1%,16.7%,13.3%,26.1%,65.8%,43.1%,69.7%,88.8%,82.2%,0.361
8252,Hunter Pence,TEX,62,56,17,3,14,13,1,8.1%,16.1%,0.214,0.318,0.304,0.355,0.518,21.3%,53.2%,25.5%,8.3%,25.0%,34.1%,71.0%,50.0%,66.7%,85.9%,78.4%,0.358
9549,David Freese,LAD,53,43,10,2,8,8,0,18.9%,18.9%,0.233,0.258,0.233,0.377,0.465,27.3%,51.5%,21.2%,0.0%,28.6%,26.8%,60.2%,41.3%,73.5%,86.4%,81.7%,0.40299999999999997
6368,Adam Jones,ARI,126,112,32,5,13,18,0,7.1%,14.3%,0.214,0.303,0.28600000000000003,0.36,0.5,18.3%,45.2%,36.6%,23.5%,14.7%,35.8%,69.9%,50.1%,63.9%,90.5%,79.5%,0.313
9218,Paul Goldschmidt,STL,132,116,30,9,22,19,0,11.4%,25.8%,0.259,0.28800000000000003,0.259,0.348,0.517,15.9%,37.8%,46.3%,2.6%,23.7%,30.0%,66.3%,45.1%,78.2%,77.4%,77.7%,0.34600000000000003
7185,Logan Forsythe,TEX,94,79,22,3,13,14,1,12.8%,23.4%,0.19,0.345,0.278,0.376,0.46799999999999997,24.1%,41.4%,34.5%,5.0%,15.0%,12.9%,51.0%,30.5%,76.7%,89.2%,86.4%,0.325
11368,Yasmani Grandal,MIL,104,92,26,6,16,12,3,9.6%,22.1%,0.217,0.313,0.28300000000000003,0.35600000000000004,0.5,22.1%,47.1%,30.9%,9.5%,28.6%,32.7%,64.3%,46.9%,61.6%,78.6%,72.1%,0.38
12564,Trevor Story,COL,131,118,33,7,22,19,6,6.9%,25.2%,0.237,0.32899999999999996,0.28,0.344,0.517,20.9%,33.7%,45.3%,5.1%,17.9%,31.7%,71.8%,48.6%,71.6%,79.2%,76.3%,0.363
12155,Eddie Rosario,MIN,112,105,25,11,20,24,0,6.3%,16.1%,0.36200000000000004,0.184,0.23800000000000002,0.28600000000000003,0.6,10.3%,37.9%,51.7%,8.9%,24.4%,44.2%,76.4%,55.5%,71.9%,88.5%,79.9%,0.3
4316,Daniel Murphy,COL,38,33,8,2,7,5,0,13.2%,5.3%,0.273,0.207,0.242,0.342,0.515,12.9%,29.0%,58.1%,5.6%,11.1%,36.3%,69.2%,48.3%,90.9%,91.7%,91.3%,0.32799999999999996
12547,John Hicks,DET,54,49,15,1,2,4,1,9.3%,24.1%,0.163,0.4,0.306,0.37,0.469,25.0%,41.7%,33.3%,8.3%,8.3%,40.2%,77.1%,58.1%,60.0%,80.2%,73.0%,0.24
3142,Robinson Chirinos,HOU,85,69,18,3,12,12,0,11.8%,28.2%,0.23199999999999998,0.341,0.261,0.361,0.493,17.4%,30.4%,52.2%,16.7%,12.5%,37.7%,68.2%,49.8%,56.0%,75.6%,66.7%,0.34700000000000003
20123,Juan Soto,WSN,125,105,26,6,16,22,3,15.2%,25.6%,0.21899999999999997,0.299,0.248,0.368,0.467,19.4%,47.2%,33.3%,4.2%,25.0%,23.7%,66.0%,39.7%,58.8%,87.5%,76.9%,0.401
12533,Marcus Semien,OAK,129,114,34,4,19,14,1,10.9%,13.2%,0.175,0.319,0.298,0.37200000000000005,0.474,18.4%,48.0%,33.7%,15.2%,12.1%,24.6%,64.6%,42.1%,65.7%,92.7%,83.8%,0.369
10348,Domingo Santana,SEA,135,120,36,5,15,25,3,9.6%,25.9%,0.175,0.38299999999999995,0.3,0.366,0.475,34.9%,41.9%,23.3%,0.0%,25.0%,27.8%,74.3%,48.1%,67.0%,85.2%,79.3%,0.32899999999999996
15608,Willians Astudillo,MIN,53,49,16,2,11,7,0,1.9%,1.9%,0.204,0.292,0.327,0.34,0.531,26.0%,38.0%,36.0%,5.6%,11.1%,46.8%,84.7%,63.3%,84.1%,96.7%,91.4%,0.299
10264,Brandon Belt,SFG,114,97,23,5,13,12,1,13.2%,23.7%,0.258,0.27699999999999997,0.237,0.35100000000000003,0.495,21.4%,22.9%,55.7%,10.3%,12.8%,26.9%,73.5%,46.8%,59.7%,87.8%,78.5%,0.33899999999999997
9847,Andrew McCutchen,PHI,131,108,26,5,24,10,1,17.6%,24.4%,0.213,0.29600000000000004,0.24100000000000002,0.374,0.45399999999999996,17.1%,47.4%,35.5%,7.4%,18.5%,19.0%,52.3%,34.5%,52.6%,78.8%,71.1%,0.37799999999999995
16556,Ozzie Albies,ATL,132,121,35,6,24,12,3,7.6%,15.9%,0.207,0.309,0.289,0.348,0.496,22.2%,45.5%,32.3%,3.1%,18.8%,41.2%,78.3%,57.2%,76.9%,83.2%,80.6%,0.35200000000000004
15676,Jose Abreu,CHW,117,104,29,5,15,24,2,9.4%,23.1%,0.221,0.32899999999999996,0.27899999999999997,0.35,0.5,20.5%,42.3%,37.2%,6.9%,17.2%,28.6%,67.4%,44.0%,60.5%,89.7%,78.3%,0.33
15181,Ryan Cordell,CHW,42,36,9,2,6,6,1,11.9%,26.2%,0.222,0.304,0.25,0.35700000000000004,0.47200000000000003,16.0%,36.0%,48.0%,8.3%,16.7%,26.9%,68.5%,44.1%,57.1%,80.0%,71.8%,0.29
18030,Harrison Bader,STL,63,49,11,3,8,9,0,14.3%,31.7%,0.204,0.308,0.22399999999999998,0.387,0.429,32.0%,32.0%,36.0%,11.1%,33.3%,23.9%,64.0%,41.8%,47.1%,83.6%,72.0%,0.314
5409,Pablo Sandoval,SFG,46,46,13,2,8,6,0,0.0%,26.1%,0.304,0.344,0.28300000000000003,0.28300000000000003,0.5870000000000001,32.4%,44.1%,23.5%,0.0%,25.0%,50.0%,76.4%,61.2%,71.4%,80.0%,76.0%,0.313
4022,Melky Cabrera,PIT,88,85,28,3,8,7,1,3.4%,12.5%,0.165,0.35200000000000004,0.32899999999999996,0.35200000000000004,0.494,25.7%,44.6%,29.7%,9.1%,13.6%,34.5%,73.6%,51.0%,81.4%,92.4%,88.1%,0.313
6609,Freddy Galvis,TOR,99,96,30,5,14,12,2,3.0%,21.2%,0.198,0.35700000000000004,0.313,0.33299999999999996,0.51,20.3%,40.5%,39.2%,3.4%,17.2%,35.5%,71.3%,51.5%,54.2%,83.8%,72.5%,0.29600000000000004
10472,Enrique Hernandez,LAD,111,97,25,6,16,17,0,11.7%,23.4%,0.247,0.28800000000000003,0.258,0.342,0.505,23.6%,34.7%,41.7%,10.0%,20.0%,26.9%,66.7%,43.1%,57.5%,89.5%,77.7%,0.304
18314,Dansby Swanson,ATL,112,96,25,5,14,22,2,10.7%,22.3%,0.26,0.29,0.26,0.33899999999999997,0.521,27.0%,40.5%,32.4%,4.2%,20.8%,23.5%,68.5%,42.6%,64.1%,83.9%,77.6%,0.325
12092,Niko Goodrum,DET,98,80,19,3,12,11,3,17.3%,22.4%,0.213,0.28600000000000003,0.23800000000000002,0.36700000000000005,0.45,33.9%,35.6%,30.5%,5.6%,16.7%,23.1%,66.5%,40.6%,55.2%,79.6%,71.3%,0.322
12161,Xander Bogaerts,BOS,123,107,29,4,18,16,0,12.2%,21.1%,0.196,0.321,0.271,0.358,0.467,22.0%,30.5%,47.6%,0.0%,10.3%,28.5%,56.3%,40.3%,67.1%,87.5%,79.2%,0.384
5417,Jose Altuve,HOU,128,113,28,9,15,20,1,10.9%,16.4%,0.265,0.226,0.248,0.32799999999999996,0.513,16.7%,45.6%,37.8%,23.5%,26.5%,24.1%,68.1%,41.4%,62.9%,86.7%,78.3%,0.353
15464,Hunter Renfroe,SDP,82,75,18,6,9,12,1,7.3%,23.2%,0.33299999999999996,0.235,0.24,0.293,0.573,21.1%,40.4%,38.6%,4.5%,27.3%,41.6%,70.8%,52.9%,70.9%,87.1%,79.3%,0.289
10542,Derek Dietrich,CIN,65,54,11,5,8,14,0,9.2%,20.0%,0.33299999999999996,0.162,0.204,0.32299999999999995,0.537,17.1%,34.1%,48.8%,25.0%,25.0%,31.1%,72.0%,47.2%,60.8%,80.5%,72.7%,0.32799999999999996
13807,Kevin Plawecki,CLE,33,27,6,1,3,1,0,18.2%,18.2%,0.222,0.25,0.222,0.364,0.444,20.0%,30.0%,50.0%,20.0%,10.0%,18.2%,74.6%,43.6%,71.4%,80.9%,78.7%,0.287
14350,Raimel Tapia,COL,72,68,18,3,4,10,0,5.6%,30.6%,0.27899999999999997,0.349,0.265,0.306,0.544,19.6%,43.5%,37.0%,0.0%,17.6%,40.1%,79.6%,55.6%,53.7%,80.2%,68.6%,0.309
14274,Mitch Haniger,SEA,131,115,28,6,27,17,3,9.2%,26.7%,0.261,0.293,0.243,0.32799999999999996,0.504,24.7%,35.8%,39.5%,12.5%,18.8%,24.1%,60.8%,40.2%,53.8%,84.5%,74.2%,0.314
9892,Jay Bruce,SEA,92,82,16,9,14,16,0,10.9%,33.7%,0.37799999999999995,0.16699999999999998,0.195,0.28300000000000003,0.573,15.7%,27.5%,56.9%,0.0%,31.0%,31.3%,79.9%,50.1%,52.1%,74.8%,66.1%,0.261
12180,Jorge Alfaro,MIA,83,77,22,5,9,9,0,3.6%,37.3%,0.195,0.415,0.28600000000000003,0.337,0.48100000000000004,28.3%,45.7%,26.1%,0.0%,41.7%,51.6%,74.6%,59.8%,54.1%,71.6%,61.8%,0.312
9015,Gordon Beckham,DET,47,41,9,3,7,4,1,10.6%,38.3%,0.293,0.3,0.22,0.319,0.512,21.7%,34.8%,43.5%,20.0%,30.0%,33.3%,66.7%,50.0%,56.3%,71.9%,66.7%,0.271
12160,Ben Gamel,MIL,65,55,15,1,10,4,1,13.8%,30.8%,0.145,0.41200000000000003,0.273,0.385,0.418,28.6%,40.0%,31.4%,0.0%,9.1%,23.3%,54.5%,35.9%,55.3%,86.7%,74.5%,0.337
9393,Matt Adams,WSN,54,51,14,3,6,13,0,3.7%,35.2%,0.275,0.36700000000000005,0.275,0.29600000000000004,0.5489999999999999,27.3%,33.3%,39.4%,7.7%,23.1%,38.1%,75.9%,53.3%,53.3%,88.3%,73.3%,0.276
11281,Whit Merrifield,KCR,130,118,34,4,22,11,5,8.5%,15.4%,0.195,0.316,0.28800000000000003,0.34600000000000003,0.483,29.9%,34.0%,36.1%,8.6%,11.4%,30.7%,65.7%,47.3%,79.0%,86.6%,84.0%,0.348
9308,Josh Phegley,OAK,64,61,17,3,14,13,0,3.1%,20.3%,0.23,0.311,0.27899999999999997,0.313,0.508,33.3%,14.6%,52.1%,16.0%,12.0%,34.5%,65.5%,48.7%,61.2%,89.7%,78.7%,0.282
14566,Franmil Reyes,SDP,91,82,19,8,9,14,0,7.7%,22.0%,0.32899999999999996,0.196,0.23199999999999998,0.28600000000000003,0.561,21.9%,31.3%,46.9%,0.0%,26.7%,38.8%,80.9%,56.1%,56.2%,81.1%,70.9%,0.31
8722,Jason Castro,MIN,39,31,6,2,7,4,0,20.5%,23.1%,0.226,0.2,0.19399999999999998,0.359,0.419,9.1%,36.4%,54.5%,8.3%,16.7%,23.8%,65.0%,39.1%,58.3%,76.9%,69.8%,0.332
13473,Dwight Smith Jr.,BAL,114,105,29,5,19,19,3,6.1%,17.5%,0.21,0.29600000000000004,0.276,0.325,0.486,20.0%,37.6%,42.4%,8.3%,13.9%,31.3%,74.4%,49.2%,51.3%,86.7%,73.5%,0.297
12284,Kevan Smith,LAA,47,41,11,1,7,3,0,8.5%,12.8%,0.146,0.294,0.268,0.36200000000000004,0.415,25.7%,51.4%,22.9%,0.0%,12.5%,22.9%,63.9%,40.5%,77.3%,93.5%,88.2%,0.318
13590,Jesse Winker,CIN,103,92,21,8,17,13,0,9.7%,18.4%,0.28300000000000003,0.2,0.228,0.311,0.511,26.0%,41.1%,32.9%,0.0%,33.3%,23.0%,70.7%,44.4%,75.5%,89.4%,85.5%,0.35700000000000004
9874,DJ LeMahieu,NYY,113,100,31,1,18,15,2,7.1%,13.3%,0.12,0.345,0.31,0.363,0.43,27.3%,44.3%,28.4%,8.0%,4.0%,27.7%,67.7%,46.0%,76.6%,94.7%,88.8%,0.375
3086,Mitch Moreland,BOS,100,89,19,8,13,17,0,10.0%,20.0%,0.326,0.177,0.213,0.29,0.539,14.3%,45.7%,40.0%,3.6%,28.6%,28.6%,74.0%,48.6%,65.6%,77.1%,73.3%,0.32799999999999996
13301,Max Muncy,LAD,110,93,23,5,11,17,0,13.6%,29.1%,0.215,0.31,0.247,0.345,0.462,17.5%,36.5%,46.0%,10.3%,17.2%,21.9%,66.8%,41.2%,58.1%,83.2%,75.6%,0.374
11850,Tyler Austin,- - -,34,28,8,0,6,1,0,17.6%,44.1%,0.036000000000000004,0.615,0.28600000000000003,0.41200000000000003,0.321,30.8%,46.2%,23.1%,0.0%,0.0%,26.3%,61.1%,38.6%,42.3%,78.8%,62.7%,0.29600000000000004
15429,Kris Bryant,CHC,121,100,23,3,18,13,1,12.4%,18.2%,0.19,0.263,0.23,0.355,0.42,21.5%,38.0%,40.5%,3.1%,9.4%,26.4%,72.0%,44.9%,69.9%,80.9%,77.0%,0.382
17350,Rafael Devers,BOS,118,102,30,0,15,8,4,11.9%,16.9%,0.078,0.366,0.294,0.385,0.373,25.6%,53.7%,20.7%,17.6%,0.0%,34.4%,69.2%,48.3%,71.6%,83.3%,78.3%,0.361
12552,Eugenio Suarez,CIN,115,100,23,7,11,16,0,11.3%,23.5%,0.26,0.239,0.23,0.322,0.49,12.2%,47.3%,40.5%,10.0%,23.3%,24.6%,68.4%,43.1%,54.3%,87.4%,76.5%,0.358
11265,Jonathan Schoop,MIN,96,90,24,4,14,11,0,3.1%,20.8%,0.222,0.303,0.267,0.313,0.489,18.6%,45.7%,35.7%,16.0%,16.0%,45.3%,79.1%,60.1%,52.6%,80.2%,68.5%,0.304
9777,Nolan Arenado,COL,129,118,32,6,20,21,1,7.0%,8.5%,0.22899999999999998,0.252,0.271,0.318,0.5,17.4%,38.5%,44.0%,14.6%,12.5%,38.2%,76.0%,53.3%,73.0%,86.5%,80.7%,0.379
11339,Jake Marisnick,HOU,49,45,12,2,10,5,1,6.1%,28.6%,0.2,0.345,0.267,0.327,0.467,20.7%,51.7%,27.6%,0.0%,25.0%,33.3%,73.3%,51.2%,56.8%,80.3%,71.8%,0.289
11445,Mark Canha,OAK,51,39,8,2,8,4,0,19.6%,25.5%,0.179,0.24,0.205,0.373,0.385,7.4%,29.6%,63.0%,17.6%,11.8%,17.4%,58.9%,34.3%,66.7%,83.9%,78.8%,0.396
11739,J.T. Realmuto,PHI,114,100,28,4,18,18,0,7.9%,21.1%,0.16,0.324,0.28,0.35100000000000003,0.44,23.1%,47.4%,29.5%,4.3%,17.4%,33.7%,70.4%,50.3%,69.2%,84.1%,78.6%,0.32799999999999996
7949,Tim Beckham,SEA,113,103,26,5,15,17,1,8.0%,32.7%,0.223,0.344,0.252,0.319,0.47600000000000003,24.2%,43.9%,31.8%,4.8%,23.8%,29.6%,61.8%,44.3%,54.7%,81.7%,71.8%,0.293
7859,Charlie Blackmon,COL,133,122,34,3,14,15,2,6.0%,16.5%,0.18,0.316,0.27899999999999997,0.331,0.45899999999999996,21.0%,41.0%,38.0%,15.8%,7.9%,35.2%,70.2%,51.3%,72.2%,85.6%,80.7%,0.364
17714,Christin Stewart,DET,64,54,12,3,6,13,0,10.9%,25.0%,0.29600000000000004,0.243,0.222,0.313,0.519,27.5%,22.5%,50.0%,5.0%,15.0%,36.9%,79.4%,53.7%,61.8%,83.1%,74.2%,0.305
13769,Adalberto Mondesi,KCR,126,115,33,3,16,24,8,4.8%,27.0%,0.217,0.366,0.287,0.312,0.504,22.4%,38.8%,38.8%,9.1%,9.1%,43.0%,78.1%,57.3%,53.4%,84.9%,71.0%,0.29100000000000004
4314,Joey Votto,CIN,110,94,23,3,13,5,0,13.6%,25.5%,0.17,0.317,0.245,0.355,0.415,19.7%,33.3%,47.0%,3.2%,9.7%,17.6%,67.5%,39.9%,60.5%,85.7%,79.5%,0.35700000000000004
11737,Nick Castellanos,DET,109,99,27,2,15,8,1,8.3%,28.4%,0.182,0.373,0.273,0.33,0.455,21.7%,33.3%,44.9%,3.2%,6.5%,36.0%,75.1%,51.3%,60.0%,87.4%,75.7%,0.337
14503,Renato Nunez,BAL,117,109,29,6,17,18,0,6.0%,27.4%,0.21100000000000002,0.324,0.266,0.316,0.47700000000000004,20.8%,31.2%,48.1%,13.5%,16.2%,37.2%,65.8%,49.3%,57.3%,85.7%,73.3%,0.311
7539,Neil Walker,MIA,88,78,20,3,6,4,1,10.2%,21.6%,0.16699999999999998,0.304,0.256,0.341,0.423,23.7%,45.8%,30.5%,5.6%,16.7%,28.6%,65.7%,43.1%,57.4%,86.7%,74.8%,0.344
11205,Adam Eaton,WSN,126,115,34,2,18,9,4,7.1%,19.8%,0.10400000000000001,0.364,0.29600000000000004,0.35700000000000004,0.4,18.4%,41.4%,40.2%,14.3%,5.7%,32.2%,61.1%,45.1%,65.5%,88.6%,79.5%,0.365
16909,Colin Moran,PIT,63,56,15,2,5,11,0,11.1%,19.0%,0.161,0.31,0.268,0.349,0.429,20.5%,45.5%,34.1%,20.0%,13.3%,31.3%,68.1%,45.5%,68.9%,87.1%,79.4%,0.322
12927,Brandon Nimmo,NYM,105,86,20,3,17,9,1,14.3%,34.3%,0.151,0.36200000000000004,0.233,0.365,0.384,28.6%,34.7%,36.7%,5.6%,16.7%,20.8%,63.4%,38.4%,36.4%,76.3%,63.6%,0.375
15711,Tyler O'Neill,STL,34,33,10,1,4,4,0,2.9%,38.2%,0.152,0.474,0.303,0.324,0.455,15.0%,45.0%,40.0%,25.0%,12.5%,42.4%,71.9%,56.1%,35.7%,61.0%,50.7%,0.311
8392,Daniel Descalso,CHC,86,76,20,2,12,11,1,11.6%,24.4%,0.145,0.34,0.263,0.349,0.408,20.0%,40.0%,40.0%,0.0%,9.1%,18.5%,60.2%,37.0%,45.0%,84.5%,73.4%,0.271
12179,Maikel Franco,PHI,118,103,26,7,15,22,0,11.9%,10.2%,0.252,0.22399999999999998,0.252,0.33899999999999997,0.505,15.2%,38.0%,46.7%,20.9%,16.3%,33.2%,75.0%,51.4%,67.1%,86.2%,79.3%,0.297
12510,Curt Casali,CIN,41,38,11,0,3,5,0,7.3%,29.3%,0.132,0.423,0.289,0.341,0.42100000000000004,34.6%,42.3%,23.1%,0.0%,0.0%,27.5%,75.7%,48.4%,60.0%,86.8%,78.2%,0.331
18363,Victor Robles,WSN,114,106,27,5,20,12,7,4.4%,29.8%,0.226,0.32799999999999996,0.255,0.301,0.48100000000000004,21.2%,28.8%,50.0%,6.1%,15.2%,32.8%,68.3%,48.3%,64.7%,86.8%,78.3%,0.326
14553,Nomar Mazara,TEX,108,99,24,5,16,20,0,5.6%,18.5%,0.222,0.257,0.242,0.306,0.465,22.8%,48.1%,29.1%,0.0%,21.7%,36.6%,70.1%,50.2%,66.0%,87.0%,77.9%,0.318
17992,David Fletcher,LAA,94,88,27,1,13,10,2,6.4%,4.3%,0.102,0.313,0.307,0.35100000000000003,0.409,25.0%,46.4%,28.6%,4.2%,4.2%,24.4%,47.9%,34.8%,90.4%,97.5%,94.7%,0.35
17901,Andrew Benintendi,BOS,118,102,27,2,13,13,2,9.3%,22.9%,0.147,0.33299999999999996,0.265,0.342,0.41200000000000003,19.5%,39.0%,41.6%,9.4%,6.3%,35.4%,74.1%,50.4%,71.1%,87.6%,80.5%,0.34299999999999997
13613,Ketel Marte,ARI,125,116,29,6,15,21,3,6.4%,19.2%,0.233,0.264,0.25,0.29600000000000004,0.483,17.4%,44.6%,38.0%,8.6%,17.1%,35.2%,69.1%,48.6%,72.8%,93.2%,84.3%,0.389
11038,Kevin Kiermaier,TBR,103,94,25,2,16,11,3,6.8%,21.4%,0.191,0.324,0.266,0.32,0.457,16.7%,55.6%,27.8%,0.0%,10.0%,30.3%,73.2%,50.1%,60.3%,86.3%,77.8%,0.278
5235,Justin Turner,LAD,124,104,29,1,12,10,0,12.1%,18.5%,0.057999999999999996,0.341,0.27899999999999997,0.379,0.337,24.1%,42.2%,33.7%,0.0%,3.6%,26.8%,64.4%,42.9%,78.5%,86.7%,83.8%,0.37200000000000005
3269,Robinson Cano,NYM,108,100,27,3,9,11,0,6.5%,20.4%,0.16,0.32,0.27,0.324,0.43,27.3%,35.1%,37.7%,6.9%,10.3%,37.0%,74.0%,52.0%,69.0%,83.3%,77.3%,0.307
9927,Brett Gardner,NYY,120,104,23,5,16,11,3,11.7%,10.8%,0.20199999999999999,0.209,0.221,0.325,0.423,10.0%,48.9%,41.1%,8.1%,13.5%,20.5%,55.7%,35.6%,75.0%,96.7%,89.6%,0.325
14140,Jose Rondon,CHW,43,41,11,2,4,4,0,4.7%,27.9%,0.195,0.33299999999999996,0.268,0.302,0.46299999999999997,20.7%,44.8%,34.5%,10.0%,20.0%,25.5%,65.8%,43.1%,64.0%,72.0%,69.3%,0.263
15191,Chad Pinder,OAK,85,79,22,3,13,11,0,4.7%,17.6%,0.165,0.306,0.278,0.318,0.44299999999999995,21.5%,53.8%,24.6%,18.8%,18.8%,35.2%,82.8%,56.2%,63.2%,84.0%,76.7%,0.29
4962,Asdrubal Cabrera,TEX,89,81,19,6,14,19,0,7.9%,23.6%,0.247,0.23600000000000002,0.235,0.292,0.48100000000000004,16.4%,39.3%,44.3%,3.7%,22.2%,27.0%,65.0%,45.4%,63.8%,90.6%,82.4%,0.342
3256,Welington Castillo,CHW,60,49,10,2,2,8,0,15.0%,18.3%,0.163,0.222,0.204,0.35,0.36700000000000005,18.4%,50.0%,31.6%,16.7%,16.7%,24.7%,55.6%,37.8%,69.4%,90.0%,82.3%,0.267
16997,Gleyber Torres,NYY,123,114,31,5,16,15,3,4.9%,22.8%,0.193,0.313,0.272,0.303,0.465,18.2%,44.3%,37.5%,6.1%,15.2%,33.5%,77.3%,52.7%,60.9%,83.8%,75.7%,0.337
8203,Dee Gordon,SEA,108,98,30,2,10,16,7,5.6%,14.8%,0.11199999999999999,0.337,0.306,0.336,0.418,18.1%,45.8%,36.1%,3.3%,6.7%,29.5%,72.8%,50.4%,77.2%,90.8%,86.7%,0.304
9077,Lorenzo Cain,MIL,133,121,33,3,22,9,3,6.8%,16.5%,0.14,0.309,0.273,0.331,0.413,29.0%,48.0%,23.0%,13.0%,13.0%,26.7%,63.8%,43.3%,61.8%,89.2%,79.9%,0.325
10951,Greg Garcia,SDP,35,28,6,1,6,2,0,17.1%,17.1%,0.179,0.22699999999999998,0.214,0.34299999999999997,0.39299999999999996,27.3%,59.1%,13.6%,0.0%,33.3%,26.5%,40.3%,31.7%,74.1%,92.0%,82.7%,0.364
12775,Brad Miller,CLE,40,36,9,1,4,4,1,10.0%,25.0%,0.16699999999999998,0.32,0.25,0.325,0.41700000000000004,20.8%,33.3%,45.8%,9.1%,9.1%,23.1%,69.4%,41.8%,57.1%,81.4%,73.4%,0.32899999999999996
1744,Miguel Cabrera,DET,117,103,29,1,10,11,0,10.3%,26.5%,0.078,0.389,0.282,0.359,0.359,23.3%,46.6%,30.1%,4.5%,4.5%,35.5%,66.8%,48.8%,70.7%,83.5%,78.1%,0.34600000000000003
10847,Andrelton Simmons,LAA,124,121,35,3,14,16,3,2.4%,8.9%,0.157,0.299,0.289,0.306,0.446,15.6%,51.4%,33.0%,11.1%,8.3%,36.2%,70.1%,50.6%,72.5%,93.9%,85.1%,0.309
14221,Jorge Soler,KCR,120,110,25,7,12,17,0,7.5%,37.5%,0.255,0.305,0.22699999999999998,0.28300000000000003,0.48200000000000004,15.2%,43.9%,40.9%,11.1%,25.9%,29.7%,71.1%,47.0%,38.1%,84.1%,67.2%,0.354
15564,Tyler White,HOU,55,46,12,0,4,0,0,16.4%,34.5%,0.043,0.444,0.261,0.382,0.304,25.9%,48.1%,25.9%,0.0%,0.0%,24.5%,61.1%,38.4%,60.5%,84.5%,75.0%,0.308
14161,Byron Buxton,MIN,86,80,20,1,12,10,6,5.8%,25.6%,0.213,0.33299999999999996,0.25,0.302,0.46299999999999997,20.7%,24.1%,55.2%,12.5%,3.1%,37.4%,76.9%,53.3%,50.7%,82.8%,69.4%,0.314
7287,Carlos Gonzalez,CLE,51,46,12,2,8,5,0,7.8%,23.5%,0.13,0.313,0.261,0.33299999999999996,0.391,20.6%,58.8%,20.6%,14.3%,28.6%,34.5%,74.0%,49.7%,57.5%,79.6%,70.2%,0.289
10071,Jonathan Villar,BAL,135,122,32,3,19,10,6,8.1%,17.0%,0.139,0.302,0.262,0.32799999999999996,0.402,22.2%,49.5%,28.3%,10.7%,10.7%,29.3%,75.7%,49.4%,63.3%,86.0%,78.4%,0.33899999999999997
16478,Kyle Schwarber,CHC,91,83,20,4,9,8,0,8.8%,29.7%,0.193,0.308,0.24100000000000002,0.308,0.434,18.5%,44.4%,37.0%,0.0%,20.0%,23.5%,67.7%,42.3%,57.7%,79.3%,72.4%,0.33899999999999997
3516,Eric Hosmer,SDP,120,111,28,5,14,18,0,7.5%,23.3%,0.18899999999999997,0.295,0.252,0.308,0.441,23.2%,47.6%,29.3%,4.2%,20.8%,32.7%,76.4%,49.9%,60.0%,85.3%,75.2%,0.31
11846,Leonys Martin,CLE,120,104,23,5,16,8,1,9.2%,30.0%,0.183,0.28600000000000003,0.221,0.319,0.40399999999999997,15.2%,42.4%,42.4%,25.0%,17.9%,31.5%,75.8%,50.8%,48.1%,76.0%,66.2%,0.276
5913,Leury Garcia,CHW,111,102,29,1,21,11,4,4.5%,25.2%,0.098,0.384,0.284,0.336,0.382,18.1%,55.6%,26.4%,5.3%,5.3%,37.8%,76.4%,55.4%,55.7%,85.7%,74.5%,0.31
9112,Khris Davis,OAK,120,110,24,9,13,19,0,7.5%,28.3%,0.264,0.22399999999999998,0.218,0.28300000000000003,0.48200000000000004,19.7%,32.9%,47.4%,2.8%,25.0%,33.1%,80.2%,52.1%,42.9%,76.8%,64.0%,0.293
15679,Rowdy Tellez,TOR,86,77,17,5,12,16,0,7.0%,31.4%,0.23399999999999999,0.261,0.221,0.29100000000000004,0.455,23.5%,37.3%,39.2%,5.0%,25.0%,38.6%,76.0%,51.7%,58.1%,81.5%,70.2%,0.293
13367,Stephen Piscotty,OAK,126,113,29,3,13,13,1,9.5%,23.0%,0.142,0.317,0.257,0.325,0.39799999999999996,20.0%,40.0%,40.0%,2.9%,8.8%,29.5%,69.5%,46.4%,59.8%,79.4%,72.2%,0.309
10231,Jose Iglesias,CIN,84,79,24,1,9,6,0,4.8%,14.3%,0.08900000000000001,0.348,0.304,0.345,0.392,29.9%,46.3%,23.9%,12.5%,6.3%,40.9%,65.4%,51.7%,79.1%,90.6%,85.5%,0.318
2530,Yonder Alonso,CHW,100,84,16,5,13,13,0,16.0%,15.0%,0.214,0.172,0.19,0.32,0.405,18.8%,39.1%,42.0%,10.3%,17.2%,24.2%,70.7%,43.2%,60.3%,91.5%,81.3%,0.29600000000000004
9627,Yan Gomes,WSN,70,63,16,2,6,8,0,8.6%,28.6%,0.127,0.341,0.254,0.32899999999999996,0.381,20.9%,44.2%,34.9%,6.7%,13.3%,34.7%,65.8%,47.7%,69.0%,74.7%,72.3%,0.316
10556,Cesar Hernandez,PHI,121,109,29,2,14,9,2,9.1%,13.2%,0.128,0.293,0.266,0.331,0.39399999999999996,23.4%,45.7%,30.9%,6.9%,6.9%,28.9%,64.2%,44.6%,73.0%,88.5%,82.9%,0.33299999999999996
15447,Ryon Healy,SEA,121,107,24,4,17,18,0,9.1%,20.7%,0.215,0.25,0.22399999999999998,0.298,0.439,17.9%,34.5%,47.6%,17.5%,10.0%,24.8%,67.0%,44.2%,48.4%,90.8%,77.9%,0.289
10047,Wil Myers,SDP,107,101,25,5,13,11,2,5.6%,36.4%,0.198,0.35100000000000003,0.248,0.29,0.446,23.7%,39.0%,37.3%,9.1%,22.7%,27.8%,66.8%,44.5%,57.4%,75.6%,69.1%,0.321
11902,Hanser Alberto,BAL,74,71,23,1,2,7,1,2.7%,10.8%,0.055999999999999994,0.349,0.324,0.33799999999999997,0.38,23.7%,49.2%,27.1%,6.3%,6.3%,43.6%,75.8%,55.8%,69.1%,93.1%,81.4%,0.32899999999999996
5760,Avisail Garcia,TBR,104,97,24,4,12,10,2,5.8%,29.8%,0.196,0.32299999999999995,0.247,0.298,0.44299999999999995,18.2%,43.9%,37.9%,0.0%,16.0%,41.5%,76.9%,55.2%,48.0%,75.8%,63.1%,0.332
12546,C.J. Cron,MIN,88,82,19,5,9,14,0,5.7%,20.5%,0.22,0.237,0.23199999999999998,0.284,0.451,26.6%,37.5%,35.9%,8.7%,21.7%,32.6%,71.7%,49.7%,55.7%,84.6%,73.9%,0.311
5254,Robbie Grossman,OAK,86,74,16,3,11,8,2,14.0%,18.6%,0.162,0.23600000000000002,0.21600000000000003,0.326,0.37799999999999995,19.3%,29.8%,50.9%,3.4%,10.3%,14.3%,57.8%,35.1%,60.0%,89.2%,83.1%,0.33399999999999996
7619,Mark Reynolds,COL,67,53,10,3,5,8,1,14.9%,37.3%,0.18899999999999997,0.259,0.18899999999999997,0.32799999999999996,0.377,30.0%,36.7%,33.3%,30.0%,30.0%,26.9%,65.8%,43.8%,38.1%,78.5%,64.5%,0.29
1177,Albert Pujols,LAA,107,91,20,4,10,15,0,11.2%,13.1%,0.17600000000000002,0.213,0.22,0.318,0.396,12.7%,43.0%,44.3%,25.7%,11.4%,30.4%,56.1%,41.5%,69.4%,89.1%,80.9%,0.305
10243,Randal Grichuk,TOR,119,110,27,4,16,11,0,6.7%,28.6%,0.17300000000000001,0.319,0.245,0.303,0.418,19.7%,39.5%,40.8%,9.7%,12.9%,35.4%,69.9%,49.1%,49.5%,83.7%,68.8%,0.28
15518,Amed Rosario,NYM,113,106,29,2,10,17,3,6.2%,23.0%,0.132,0.34600000000000003,0.27399999999999997,0.319,0.406,20.0%,47.5%,32.5%,3.8%,7.7%,37.1%,74.8%,51.8%,58.7%,79.0%,70.1%,0.32299999999999995
15194,Jake Bauers,CLE,99,87,21,3,12,11,1,11.1%,21.2%,0.138,0.281,0.24100000000000002,0.32299999999999995,0.379,16.7%,43.9%,39.4%,15.4%,11.5%,21.6%,69.6%,42.4%,64.7%,92.9%,84.7%,0.312
11493,Manny Machado,SDP,120,106,25,4,14,12,1,10.0%,25.0%,0.132,0.292,0.23600000000000002,0.325,0.368,18.4%,44.7%,36.8%,17.9%,14.3%,32.6%,69.5%,46.8%,53.8%,83.7%,70.8%,0.33399999999999996
13624,Corey Seager,LAD,126,110,26,2,18,9,0,11.9%,21.4%,0.127,0.29600000000000004,0.23600000000000002,0.33299999999999996,0.364,20.5%,34.9%,44.6%,5.4%,5.4%,27.8%,74.6%,47.5%,53.2%,87.3%,75.8%,0.335
15585,Mike Ford,NYY,32,24,4,1,6,2,0,21.9%,25.0%,0.16699999999999998,0.2,0.16699999999999998,0.375,0.33299999999999996,31.3%,31.3%,37.5%,33.3%,16.7%,19.0%,56.4%,34.3%,66.7%,90.3%,82.6%,0.35
8090,Matt Carpenter,STL,125,104,21,3,18,5,1,16.0%,24.8%,0.154,0.254,0.20199999999999999,0.32799999999999996,0.35600000000000004,27.8%,20.8%,51.4%,0.0%,8.1%,21.1%,65.4%,40.5%,54.5%,86.2%,76.9%,0.33399999999999996
9166,Buster Posey,SFG,97,88,22,1,7,9,0,8.2%,16.5%,0.14800000000000002,0.292,0.25,0.309,0.39799999999999996,26.0%,41.1%,32.9%,4.2%,4.2%,36.2%,63.9%,47.8%,68.8%,96.0%,84.1%,0.32
15223,Adam Frazier,PIT,105,93,24,1,13,6,2,9.5%,14.3%,0.086,0.299,0.258,0.337,0.344,28.6%,37.7%,33.8%,7.7%,3.8%,25.3%,64.1%,42.4%,75.9%,87.1%,83.3%,0.336
3312,Martin Prado,MIA,73,68,20,1,7,8,0,4.1%,13.7%,0.10300000000000001,0.322,0.294,0.315,0.397,23.3%,53.3%,23.3%,14.3%,7.1%,33.1%,53.0%,41.9%,73.2%,95.7%,85.7%,0.265
11200,Kole Calhoun,LAA,121,108,21,7,17,16,0,10.7%,25.6%,0.24100000000000002,0.2,0.19399999999999998,0.281,0.435,16.9%,37.7%,45.5%,8.6%,20.0%,24.2%,70.5%,43.9%,43.1%,83.7%,70.9%,0.325
12158,Austin Barnes,LAD,87,73,15,3,13,10,1,13.8%,18.4%,0.16399999999999998,0.218,0.205,0.322,0.37,19.0%,46.6%,34.5%,10.0%,15.0%,18.6%,58.0%,36.5%,75.0%,87.2%,83.8%,0.293
8259,Kurt Suzuki,WSN,53,48,12,2,4,9,0,3.8%,15.1%,0.146,0.256,0.25,0.302,0.396,26.8%,34.1%,39.0%,6.3%,12.5%,35.2%,78.2%,56.6%,67.7%,88.2%,81.8%,0.324
7802,Miguel Rojas,MIA,96,87,24,0,8,8,0,7.3%,8.3%,0.069,0.3,0.276,0.33299999999999996,0.345,19.0%,50.6%,30.4%,8.3%,0.0%,35.1%,68.5%,50.2%,77.0%,85.7%,82.4%,0.331
8267,Chris Iannetta,COL,33,29,6,1,2,2,0,9.1%,42.4%,0.172,0.35700000000000004,0.207,0.303,0.379,46.7%,33.3%,20.0%,0.0%,33.3%,24.3%,66.7%,45.2%,16.7%,68.8%,54.5%,0.311
18289,Brian Anderson,MIA,121,107,26,2,5,6,3,11.6%,21.5%,0.09300000000000001,0.304,0.243,0.331,0.336,23.5%,44.4%,32.1%,11.5%,7.7%,30.9%,66.7%,46.7%,58.0%,84.8%,74.9%,0.342
11470,Tony Wolters,COL,69,60,16,0,4,5,0,11.6%,14.5%,0.1,0.314,0.267,0.348,0.36700000000000005,25.5%,49.0%,25.5%,0.0%,0.0%,26.2%,62.1%,42.4%,67.6%,97.2%,87.2%,0.337
12147,Nick Ahmed,ARI,122,112,29,2,18,13,2,6.6%,20.5%,0.14300000000000002,0.31,0.259,0.303,0.402,22.7%,48.9%,28.4%,12.0%,8.0%,28.8%,70.9%,48.6%,65.3%,84.0%,78.2%,0.316
11615,Brandon Drury,TOR,106,100,22,5,11,9,0,4.7%,34.9%,0.22,0.293,0.22,0.264,0.44,23.8%,34.9%,41.3%,7.7%,19.2%,33.9%,66.5%,47.2%,51.8%,83.5%,70.0%,0.262
18721,Guillermo Heredia,TBR,33,25,4,1,3,5,0,15.2%,30.3%,0.16,0.214,0.16,0.32299999999999995,0.32,35.7%,50.0%,14.3%,0.0%,50.0%,26.0%,80.0%,47.2%,60.0%,70.0%,66.7%,0.306
11379,Delino DeShields,TEX,91,73,14,1,8,10,7,16.5%,19.8%,0.11,0.24100000000000002,0.192,0.337,0.301,21.6%,39.2%,39.2%,10.0%,5.0%,17.8%,58.2%,35.6%,63.9%,92.4%,84.4%,0.325
4220,Ryan Zimmerman,WSN,86,75,16,3,7,11,0,11.6%,20.9%,0.16,0.23600000000000002,0.213,0.302,0.373,13.8%,48.3%,37.9%,4.5%,13.6%,26.9%,59.6%,40.1%,60.3%,83.9%,74.5%,0.321
4747,Curtis Granderson,MIA,94,80,15,4,8,11,0,11.7%,34.0%,0.213,0.239,0.188,0.287,0.4,20.4%,24.5%,55.1%,11.1%,14.8%,22.2%,61.1%,36.9%,57.6%,79.8%,71.5%,0.281
15112,Ryan McMahon,COL,76,67,15,2,9,10,1,11.8%,26.3%,0.11900000000000001,0.289,0.22399999999999998,0.316,0.34299999999999997,19.6%,52.2%,28.3%,0.0%,15.4%,28.9%,76.5%,47.4%,57.4%,81.3%,72.4%,0.32899999999999996
12916,Francisco Lindor,CLE,38,37,9,3,6,6,1,0.0%,23.7%,0.243,0.231,0.243,0.237,0.486,17.2%,37.9%,44.8%,15.4%,23.1%,44.6%,70.4%,54.7%,73.0%,97.4%,85.3%,0.335
17484,Eloy Jimenez,CHW,85,79,19,3,6,8,0,5.9%,29.4%,0.139,0.314,0.24100000000000002,0.294,0.38,18.5%,48.1%,33.3%,5.6%,16.7%,37.9%,72.4%,50.4%,64.2%,78.7%,71.8%,0.315
17128,Ramon Laureano,OAK,107,97,23,3,16,11,3,5.6%,26.2%,0.134,0.299,0.237,0.299,0.371,20.0%,41.4%,38.6%,0.0%,11.1%,29.3%,62.2%,43.9%,55.9%,83.5%,73.2%,0.34
7870,Jonathan Lucroy,LAA,93,86,22,2,12,11,0,6.5%,9.7%,0.09300000000000001,0.267,0.256,0.312,0.349,19.5%,50.6%,29.9%,4.3%,8.7%,23.9%,56.1%,39.6%,74.5%,96.2%,89.5%,0.305
4922,Ender Inciarte,ATL,101,90,21,2,8,6,3,8.9%,21.8%,0.122,0.284,0.233,0.307,0.35600000000000004,24.6%,58.5%,16.9%,0.0%,18.2%,33.0%,68.9%,49.2%,70.8%,83.9%,79.1%,0.34299999999999997
17326,Cole Tucker,PIT,38,36,9,1,4,2,0,5.3%,31.6%,0.16699999999999998,0.348,0.25,0.289,0.41700000000000004,13.0%,60.9%,26.1%,0.0%,16.7%,33.3%,71.2%,49.3%,48.1%,83.3%,69.6%,0.266
15274,Mike Tauchman,NYY,71,62,11,3,10,8,1,12.7%,29.6%,0.21,0.21100000000000002,0.177,0.282,0.387,9.8%,58.5%,31.7%,0.0%,23.1%,22.9%,67.4%,41.5%,60.5%,89.0%,79.9%,0.361
7007,Yadier Molina,STL,114,107,28,2,11,20,1,4.4%,7.9%,0.131,0.265,0.262,0.289,0.39299999999999996,29.0%,41.0%,30.0%,6.7%,6.7%,40.6%,78.8%,56.3%,75.8%,92.7%,85.5%,0.312
9774,Christian Vazquez,BOS,79,72,16,4,12,13,1,7.6%,19.0%,0.20800000000000002,0.222,0.222,0.278,0.431,19.0%,37.9%,43.1%,4.0%,16.0%,24.2%,65.1%,43.2%,69.4%,89.3%,83.3%,0.32
19198,Yuli Gurriel,HOU,113,104,25,1,12,9,0,7.1%,12.4%,0.135,0.267,0.24,0.292,0.375,33.0%,31.9%,35.2%,9.4%,3.1%,29.6%,67.6%,46.5%,74.2%,91.7%,85.6%,0.34299999999999997
14103,Rio Ruiz,BAL,106,92,21,2,8,10,0,12.3%,21.7%,0.087,0.27899999999999997,0.228,0.321,0.315,21.4%,47.1%,31.4%,13.6%,9.1%,24.9%,64.5%,41.7%,58.1%,85.6%,76.1%,0.306
5751,Hernan Perez,MIL,56,52,11,3,7,6,1,7.1%,37.5%,0.192,0.28600000000000003,0.212,0.268,0.40399999999999997,9.7%,41.9%,48.4%,0.0%,20.0%,42.4%,62.6%,51.1%,64.3%,71.0%,67.8%,0.262
13185,Orlando Arcia,MIL,105,98,23,4,12,11,0,6.7%,22.9%,0.163,0.271,0.235,0.28600000000000003,0.39799999999999996,16.4%,54.8%,28.8%,14.3%,19.0%,33.6%,65.5%,47.2%,58.2%,82.5%,72.5%,0.28300000000000003
13265,Mike Zunino,TBR,70,67,15,2,7,12,0,4.3%,25.7%,0.19399999999999998,0.27699999999999997,0.22399999999999998,0.257,0.418,20.4%,34.7%,44.9%,13.6%,9.1%,39.6%,76.9%,56.2%,47.2%,88.0%,72.1%,0.23199999999999998
14950,Johan Camargo,ATL,71,65,15,1,8,10,1,8.5%,18.3%,0.138,0.275,0.231,0.29600000000000004,0.369,21.2%,34.6%,44.2%,8.7%,4.3%,40.7%,77.0%,55.4%,63.2%,88.5%,77.4%,0.27899999999999997
4579,Starlin Castro,MIA,122,113,28,3,11,9,1,7.4%,14.8%,0.08800000000000001,0.272,0.248,0.303,0.336,13.7%,58.9%,27.4%,3.8%,11.5%,28.3%,62.6%,42.8%,76.0%,91.0%,85.3%,0.3
9810,Brian Dozier,WSN,101,87,16,4,10,6,1,12.9%,28.7%,0.149,0.222,0.184,0.297,0.33299999999999996,12.1%,50.0%,37.9%,18.2%,18.2%,20.3%,58.8%,37.6%,52.1%,81.6%,72.8%,0.34
10200,Tucker Barnhart,CIN,78,67,14,2,8,5,0,12.8%,24.4%,0.11900000000000001,0.261,0.209,0.312,0.32799999999999996,27.1%,41.7%,31.3%,13.3%,13.3%,26.3%,65.9%,43.1%,63.0%,80.0%,74.0%,0.32799999999999996
17062,Grayson Greiner,DET,77,72,16,3,7,9,0,5.2%,28.6%,0.153,0.27699999999999997,0.222,0.273,0.375,14.0%,52.0%,34.0%,5.9%,17.6%,35.8%,65.7%,47.0%,51.6%,88.7%,71.1%,0.251
13621,Jeimer Candelario,DET,114,99,22,0,13,5,1,12.3%,26.3%,0.071,0.319,0.222,0.325,0.293,27.5%,31.9%,40.6%,7.1%,0.0%,30.9%,62.5%,44.3%,59.8%,90.0%,77.9%,0.306
13359,Tyler Naquin,CLE,73,70,18,1,7,7,3,4.1%,28.8%,0.114,0.354,0.257,0.28800000000000003,0.371,22.4%,42.9%,34.7%,23.5%,5.9%,36.0%,69.7%,50.2%,69.5%,78.3%,74.6%,0.325
2900,Roberto Perez,CLE,70,61,13,2,3,5,0,8.6%,32.9%,0.131,0.297,0.213,0.29,0.344,23.7%,44.7%,31.6%,0.0%,16.7%,21.3%,64.0%,38.2%,38.9%,78.9%,65.4%,0.321
5384,Juan Lagares,NYM,63,55,12,1,9,5,2,9.5%,28.6%,0.091,0.306,0.218,0.306,0.309,16.2%,59.5%,24.3%,0.0%,11.1%,30.5%,62.5%,44.0%,57.4%,84.3%,73.5%,0.27899999999999997
5827,Wilmer Flores,ARI,87,79,19,1,9,7,0,6.9%,9.2%,0.08900000000000001,0.254,0.24100000000000002,0.299,0.32899999999999996,20.8%,40.3%,38.9%,21.4%,3.6%,24.9%,62.5%,43.2%,85.7%,93.0%,90.8%,0.361
13277,Joey Rickard,BAL,95,86,17,2,9,6,1,8.4%,26.3%,0.163,0.254,0.198,0.27399999999999997,0.36,18.0%,37.7%,44.3%,22.2%,7.4%,31.8%,72.5%,48.7%,68.8%,83.1%,77.6%,0.312
14109,Albert Almora Jr.,CHC,76,69,18,1,7,6,2,6.6%,17.1%,0.057999999999999996,0.309,0.261,0.32,0.319,12.5%,60.7%,26.8%,20.0%,6.7%,40.9%,69.8%,52.5%,60.0%,91.9%,77.0%,0.271
14712,Manuel Margot,SDP,84,83,21,2,9,9,1,1.2%,20.2%,0.133,0.297,0.253,0.262,0.386,20.3%,26.6%,53.1%,17.6%,5.9%,27.5%,70.3%,49.5%,68.3%,87.4%,82.2%,0.304
6547,Jordy Mercer,DET,51,47,11,0,2,2,0,5.9%,21.6%,0.085,0.306,0.23399999999999999,0.294,0.319,19.4%,38.9%,41.7%,0.0%,0.0%,25.2%,57.0%,39.4%,72.4%,94.3%,86.6%,0.31
785,Todd Frazier,NYM,30,29,6,2,2,7,1,0.0%,33.3%,0.207,0.235,0.207,0.233,0.414,15.8%,31.6%,52.6%,0.0%,20.0%,34.6%,54.9%,42.6%,63.0%,75.0%,69.1%,0.32899999999999996
13066,Teoscar Hernandez,TOR,103,92,20,2,12,13,2,9.7%,26.2%,0.12,0.281,0.217,0.29100000000000004,0.337,18.2%,39.4%,42.4%,7.1%,7.1%,29.8%,72.6%,46.4%,49.4%,79.0%,67.3%,0.306
7435,Ben Zobrist,CHC,82,71,17,0,8,7,0,12.2%,12.2%,0.013999999999999999,0.27399999999999997,0.239,0.32899999999999996,0.254,22.6%,53.2%,24.2%,13.3%,0.0%,18.2%,53.2%,32.5%,73.0%,85.1%,81.1%,0.358
9241,Starling Marte,PIT,80,75,15,3,9,11,3,2.5%,20.0%,0.2,0.214,0.2,0.24100000000000002,0.4,18.6%,52.5%,28.8%,11.8%,17.6%,39.4%,76.7%,55.1%,53.8%,88.0%,73.9%,0.342
3410,Ryan Braun,MIL,105,97,19,5,11,16,1,5.7%,23.8%,0.18600000000000003,0.209,0.196,0.25,0.381,12.7%,52.1%,35.2%,8.0%,20.0%,38.2%,72.5%,52.2%,56.2%,89.7%,75.1%,0.34299999999999997
11982,Travis Shaw,MIL,110,98,19,4,10,8,0,9.1%,34.5%,0.153,0.268,0.19399999999999998,0.282,0.34700000000000003,22.0%,37.3%,40.7%,8.3%,16.7%,27.6%,66.8%,44.4%,62.5%,69.5%,67.0%,0.281
16442,Ryan O'Hearn,KCR,99,84,14,3,11,8,0,13.1%,25.3%,0.16699999999999998,0.193,0.16699999999999998,0.28300000000000003,0.33299999999999996,11.7%,50.0%,38.3%,8.7%,13.0%,25.2%,58.3%,37.6%,54.1%,86.9%,73.1%,0.281
14894,Tony Kemp,HOU,45,39,7,2,7,3,1,8.9%,17.8%,0.154,0.172,0.179,0.273,0.33299999999999996,13.3%,43.3%,43.3%,0.0%,15.4%,26.4%,57.9%,41.1%,73.9%,93.2%,86.6%,0.29100000000000004
1433,Wilson Ramos,NYM,99,89,22,1,12,17,0,8.1%,15.2%,0.055999999999999994,0.284,0.247,0.313,0.303,20.0%,62.7%,17.3%,15.4%,7.7%,36.2%,77.9%,54.8%,61.9%,85.3%,76.7%,0.35100000000000003
17719,Steven Duggar,SFG,117,108,24,3,10,11,1,5.1%,29.9%,0.139,0.292,0.222,0.265,0.361,21.9%,53.4%,24.7%,0.0%,16.7%,25.9%,63.6%,43.5%,48.5%,85.3%,73.7%,0.278
15654,Billy McKinney,TOR,92,83,19,1,10,5,0,5.4%,20.7%,0.10800000000000001,0.281,0.22899999999999998,0.278,0.337,24.6%,40.0%,35.4%,17.4%,4.3%,31.3%,68.7%,48.2%,64.3%,87.1%,79.0%,0.27399999999999997
18042,Dylan Moore,SEA,39,35,7,1,4,3,0,5.1%,38.5%,0.114,0.316,0.2,0.282,0.314,10.0%,60.0%,30.0%,0.0%,16.7%,26.9%,77.6%,48.3%,60.7%,81.4%,74.7%,0.302
9744,Justin Bour,LAA,91,80,14,3,7,13,0,11.0%,27.5%,0.15,0.212,0.175,0.275,0.325,14.5%,47.3%,38.2%,23.8%,14.3%,26.7%,57.5%,39.6%,56.5%,87.5%,75.3%,0.259
9256,A.J. Pollock,LAD,115,103,23,2,15,14,0,7.8%,20.0%,0.107,0.263,0.223,0.287,0.33,17.1%,47.6%,35.4%,10.3%,6.9%,29.6%,68.6%,46.0%,66.2%,91.7%,82.2%,0.327
15937,Aledmys Diaz,HOU,41,39,8,2,5,9,0,2.4%,14.6%,0.231,0.188,0.205,0.22,0.436,14.7%,55.9%,29.4%,10.0%,20.0%,39.0%,75.8%,55.4%,50.0%,89.4%,74.0%,0.35600000000000004
9368,Evan Longoria,SFG,109,104,22,3,9,11,1,3.7%,21.1%,0.163,0.244,0.212,0.248,0.375,19.8%,38.3%,42.0%,5.9%,8.8%,35.0%,63.9%,49.5%,69.0%,87.8%,81.2%,0.325
10199,Billy Hamilton,KCR,84,74,16,0,12,3,8,10.7%,22.6%,0.068,0.28600000000000003,0.21600000000000003,0.298,0.284,29.1%,43.6%,27.3%,26.7%,0.0%,27.9%,68.4%,45.9%,64.2%,85.6%,78.3%,0.289
11602,Yolmer Sanchez,CHW,72,64,15,0,7,3,1,9.7%,26.4%,0.031,0.326,0.23399999999999999,0.306,0.266,20.0%,46.7%,33.3%,0.0%,0.0%,26.7%,62.7%,40.9%,75.0%,78.4%,77.0%,0.318
16512,Isiah Kiner-Falefa,TEX,59,50,10,0,7,5,1,11.9%,25.4%,0.04,0.28600000000000003,0.2,0.31,0.24,17.1%,62.9%,20.0%,0.0%,0.0%,31.4%,52.5%,40.2%,68.2%,96.2%,83.3%,0.299
8418,Ehire Adrianza,MIN,42,34,6,1,5,2,0,7.1%,14.3%,0.08800000000000001,0.179,0.17600000000000002,0.293,0.265,31.0%,37.9%,31.0%,0.0%,11.1%,33.7%,62.9%,45.5%,87.1%,84.6%,85.7%,0.349
9272,Chris Davis,BAL,75,68,12,3,6,13,0,8.0%,37.3%,0.17600000000000002,0.243,0.17600000000000002,0.253,0.353,17.5%,37.5%,45.0%,0.0%,16.7%,28.5%,61.1%,41.4%,41.8%,77.9%,62.9%,0.276
12976,Austin Hedges,SDP,68,63,11,4,5,9,0,4.4%,25.0%,0.20600000000000002,0.16699999999999998,0.175,0.235,0.381,19.6%,39.1%,41.3%,15.8%,21.1%,33.1%,66.4%,47.9%,57.1%,81.0%,71.9%,0.252
5491,Austin Romine,NYY,47,45,11,1,5,8,0,2.1%,21.3%,0.08900000000000001,0.294,0.244,0.261,0.33299999999999996,11.4%,51.4%,37.1%,23.1%,7.7%,42.9%,78.0%,61.8%,63.3%,92.2%,83.0%,0.31
6885,Ian Desmond,COL,98,92,18,3,9,13,0,5.1%,26.5%,0.174,0.23399999999999999,0.196,0.235,0.37,22.7%,37.9%,39.4%,11.5%,11.5%,30.5%,74.5%,49.6%,59.4%,80.8%,73.4%,0.31
12434,Kevin Pillar,- - -,111,103,21,5,13,19,3,3.6%,17.1%,0.175,0.195,0.204,0.23399999999999999,0.379,18.6%,39.5%,41.9%,8.3%,13.9%,43.8%,65.8%,52.9%,73.6%,92.9%,83.6%,0.287
15986,Willy Adames,TBR,98,90,18,1,13,4,1,7.1%,29.6%,0.1,0.28300000000000003,0.2,0.265,0.3,18.6%,61.0%,20.3%,0.0%,8.3%,29.8%,66.1%,47.9%,57.4%,78.2%,71.7%,0.317
13510,Jose Ramirez,CLE,121,105,19,2,13,9,9,10.7%,14.0%,0.095,0.195,0.18100000000000002,0.281,0.276,22.7%,33.0%,44.3%,10.3%,5.1%,26.1%,68.0%,42.7%,73.1%,90.3%,84.0%,0.327
11936,Joe Panik,SFG,94,84,17,1,6,7,0,8.5%,11.7%,0.071,0.21899999999999997,0.20199999999999999,0.27699999999999997,0.27399999999999997,26.4%,43.1%,30.6%,9.1%,4.5%,22.0%,64.5%,41.0%,87.0%,92.7%,91.0%,0.315
17182,Jung Ho Kang,PIT,81,75,12,4,5,8,0,7.4%,34.6%,0.2,0.18600000000000003,0.16,0.222,0.36,17.0%,46.8%,36.2%,11.8%,23.5%,33.5%,59.5%,44.4%,50.7%,84.1%,69.4%,0.222
14477,Jake Cave,MIN,38,34,7,0,1,3,0,10.5%,23.7%,0.028999999999999998,0.28,0.20600000000000002,0.289,0.235,8.0%,76.0%,16.0%,0.0%,0.0%,34.4%,77.8%,50.7%,61.3%,85.7%,75.3%,0.35100000000000003
14225,Yasiel Puig,CIN,106,99,19,4,8,15,3,4.7%,25.5%,0.162,0.214,0.192,0.226,0.354,21.6%,32.4%,45.9%,11.8%,11.8%,43.0%,80.5%,58.7%,59.8%,84.7%,74.1%,0.327
14145,Daniel Robertson,TBR,88,78,14,1,7,9,1,11.4%,28.4%,0.077,0.25,0.179,0.273,0.256,11.5%,59.6%,28.8%,6.7%,6.7%,21.3%,67.1%,42.0%,53.5%,89.3%,79.4%,0.312
13369,Erik Gonzalez,PIT,59,51,11,0,2,2,3,10.2%,22.0%,0.078,0.289,0.21600000000000003,0.298,0.294,11.1%,61.1%,27.8%,30.0%,0.0%,37.6%,78.2%,53.8%,59.1%,88.5%,76.2%,0.301
11342,Jesus Aguilar,MIL,92,80,13,3,8,12,0,9.8%,22.8%,0.138,0.175,0.163,0.244,0.3,23.3%,35.0%,41.7%,8.0%,12.0%,32.7%,66.2%,47.1%,55.4%,77.0%,68.5%,0.325
8610,Kendrys Morales,OAK,88,74,12,1,5,4,0,12.5%,14.8%,0.054000000000000006,0.18,0.162,0.284,0.21600000000000003,12.9%,48.4%,38.7%,8.3%,4.2%,23.1%,63.7%,40.5%,73.3%,90.3%,84.8%,0.313
2829,Manny Pina,MIL,31,26,4,0,1,1,0,9.7%,25.8%,0.038,0.222,0.154,0.29,0.192,27.8%,27.8%,44.4%,12.5%,0.0%,28.0%,63.0%,41.9%,65.2%,88.2%,78.9%,0.313
13620,Carson Kelly,ARI,53,51,10,0,3,6,0,1.9%,24.5%,0.13699999999999998,0.263,0.196,0.226,0.33299999999999996,23.7%,47.4%,28.9%,18.2%,0.0%,32.5%,69.0%,50.4%,55.3%,88.5%,77.6%,0.348
13757,Chris Taylor,LAD,80,70,12,1,4,9,1,10.0%,26.3%,0.086,0.22399999999999998,0.171,0.263,0.257,16.0%,52.0%,32.0%,6.3%,6.3%,27.7%,75.5%,49.4%,57.1%,72.1%,67.5%,0.33299999999999996
19238,Lourdes Gurriel Jr.,TOR,44,40,7,0,2,7,1,6.8%,27.3%,0.1,0.25,0.175,0.25,0.275,14.3%,42.9%,42.9%,25.0%,0.0%,41.7%,62.1%,49.1%,60.5%,83.3%,70.9%,0.327
9776,Jason Kipnis,CLE,50,45,9,0,2,3,1,10.0%,16.0%,0.022000000000000002,0.243,0.2,0.28,0.222,8.3%,47.2%,44.4%,0.0%,0.0%,27.4%,67.9%,45.3%,69.0%,78.9%,75.6%,0.304
16535,Danny Jansen,TOR,75,66,12,0,5,4,0,9.3%,28.0%,0.061,0.261,0.182,0.267,0.242,19.6%,52.2%,28.3%,0.0%,0.0%,27.6%,63.7%,42.9%,61.7%,83.5%,75.4%,0.27899999999999997
6887,Martin Maldonado,KCR,83,74,13,1,8,2,0,7.2%,18.1%,0.081,0.207,0.17600000000000002,0.256,0.257,11.9%,52.5%,35.6%,14.3%,4.8%,28.2%,68.4%,46.9%,71.4%,93.3%,86.3%,0.293
8553,Gerardo Parra,SFG,96,85,16,1,8,6,2,8.3%,18.8%,0.071,0.22399999999999998,0.188,0.271,0.259,23.9%,52.2%,23.9%,18.8%,6.3%,40.4%,75.4%,54.5%,63.8%,83.2%,74.6%,0.293
13593,Jose Peraza,CIN,92,89,18,2,9,7,4,2.2%,20.7%,0.10099999999999999,0.235,0.20199999999999999,0.228,0.303,14.3%,32.9%,52.9%,8.1%,5.4%,40.0%,72.7%,55.8%,62.5%,95.4%,83.2%,0.285
13608,Mallex Smith,SEA,110,97,16,1,15,5,8,10.0%,30.0%,0.08199999999999999,0.23399999999999999,0.165,0.255,0.247,15.6%,57.8%,26.6%,5.9%,5.9%,22.3%,67.1%,43.6%,54.7%,74.5%,69.2%,0.3
13324,Ildemaro Vargas,ARI,40,40,8,1,6,4,1,0.0%,17.5%,0.15,0.21899999999999997,0.2,0.2,0.35,21.2%,48.5%,30.3%,0.0%,10.0%,42.5%,57.1%,49.7%,74.2%,90.0%,83.1%,0.299
14352,Lewis Brinson,MIA,82,76,15,0,4,4,0,2.4%,34.1%,0.066,0.313,0.19699999999999998,0.247,0.263,20.8%,43.8%,35.4%,11.8%,0.0%,42.8%,67.2%,52.8%,53.2%,79.8%,67.1%,0.23600000000000002
15082,Adam Engel,CHW,45,41,7,1,4,3,0,6.7%,37.8%,0.122,0.261,0.171,0.22699999999999998,0.293,22.7%,40.9%,36.4%,12.5%,12.5%,30.4%,71.3%,48.4%,54.8%,70.2%,64.8%,0.304
5343,Brandon Crawford,SFG,112,101,20,0,5,2,1,8.9%,25.9%,0.02,0.278,0.198,0.27699999999999997,0.218,25.0%,52.8%,22.2%,12.5%,0.0%,31.9%,75.0%,50.7%,44.3%,86.8%,71.7%,0.304
5497,Marwin Gonzalez,MIN,86,78,13,2,5,7,1,9.3%,24.4%,0.09,0.2,0.16699999999999998,0.244,0.256,14.0%,52.6%,33.3%,10.5%,10.5%,28.2%,65.3%,42.9%,62.9%,89.4%,78.8%,0.322
5275,Francisco Cervelli,PIT,88,80,14,1,9,4,0,6.8%,27.3%,0.063,0.23600000000000002,0.175,0.25,0.23800000000000002,16.1%,42.9%,41.1%,4.3%,4.3%,29.0%,62.7%,44.2%,51.8%,87.9%,74.8%,0.302
10815,Jurickson Profar,OAK,102,93,15,2,9,13,3,6.9%,13.7%,0.10800000000000001,0.16699999999999998,0.161,0.225,0.26899999999999996,20.0%,46.3%,33.8%,22.2%,7.4%,34.5%,67.3%,46.9%,75.6%,93.1%,85.0%,0.301
10030,Chris Owings,KCR,104,96,15,2,8,8,4,7.7%,32.7%,0.115,0.217,0.156,0.221,0.271,16.4%,59.0%,24.6%,6.7%,13.3%,33.8%,60.2%,45.3%,48.1%,84.9%,69.4%,0.209
3448,Jeff Mathis,TEX,51,47,8,1,7,2,0,7.8%,27.5%,0.064,0.21899999999999997,0.17,0.235,0.23399999999999999,15.6%,37.5%,46.9%,13.3%,6.7%,37.3%,59.8%,47.8%,46.3%,84.5%,68.7%,0.209
12282,Rougned Odor,TEX,69,62,9,1,10,5,2,8.7%,37.7%,0.081,0.22899999999999998,0.145,0.23199999999999998,0.226,17.6%,35.3%,47.1%,25.0%,6.3%,29.7%,69.4%,45.8%,57.4%,77.9%,70.0%,0.28300000000000003
17736,Richie Martin Jr.,BAL,74,67,11,0,5,1,1,8.1%,33.8%,0.045,0.262,0.16399999999999998,0.243,0.209,24.4%,46.3%,29.3%,25.0%,0.0%,34.4%,74.3%,53.4%,50.9%,82.7%,72.0%,0.26
6195,Ian Kinsler,SDP,91,83,11,2,7,2,1,8.8%,18.7%,0.10800000000000001,0.141,0.133,0.209,0.24100000000000002,15.4%,38.5%,46.2%,26.7%,6.7%,27.0%,65.1%,44.7%,71.7%,86.4%,81.6%,0.278
19262,Garrett Hampson,COL,81,77,14,1,8,4,1,2.5%,27.2%,0.091,0.23600000000000002,0.182,0.2,0.273,17.0%,47.2%,35.8%,36.8%,5.3%,19.9%,60.8%,38.0%,50.0%,89.7%,78.0%,0.302
14818,JaCoby Jones,DET,56,51,7,1,4,1,1,3.6%,33.9%,0.078,0.19399999999999998,0.13699999999999998,0.214,0.21600000000000003,6.3%,43.8%,50.0%,12.5%,6.3%,40.0%,64.3%,50.9%,58.3%,88.9%,75.7%,0.31
16403,Francisco Mejia,SDP,44,41,6,0,2,1,0,4.5%,27.3%,0.073,0.207,0.146,0.205,0.22,20.7%,44.8%,34.5%,20.0%,0.0%,39.8%,70.0%,52.0%,68.3%,79.6%,74.4%,0.316
12984,Jackie Bradley Jr.,BOS,99,88,13,0,5,5,3,9.1%,30.3%,0.034,0.22,0.14800000000000002,0.22399999999999998,0.182,8.5%,59.3%,32.2%,15.8%,0.0%,29.8%,70.6%,47.7%,48.5%,76.0%,66.3%,0.317
9253,Keon Broxton,NYM,45,41,6,0,4,2,4,8.9%,42.2%,0.0,0.273,0.146,0.222,0.146,13.6%,50.0%,36.4%,0.0%,0.0%,26.1%,64.2%,41.8%,36.7%,65.4%,54.9%,0.242
16357,Pablo Reyes,PIT,39,36,5,0,5,3,0,7.7%,35.9%,0.0,0.22699999999999998,0.139,0.205,0.139,9.5%,42.9%,47.6%,10.0%,0.0%,27.3%,53.8%,38.6%,45.8%,85.7%,69.5%,0.27399999999999997
6848,Eduardo Nunez,BOS,46,44,7,0,3,5,3,2.2%,17.4%,0.023,0.19399999999999998,0.159,0.17800000000000002,0.182,8.3%,52.8%,38.9%,21.4%,0.0%,30.7%,69.6%,50.6%,69.6%,90.9%,84.6%,0.243
16623,Greg Allen,CLE,42,38,4,0,4,6,0,4.8%,33.3%,0.053,0.16,0.105,0.16699999999999998,0.158,16.0%,48.0%,36.0%,11.1%,0.0%,40.0%,71.2%,52.4%,57.5%,78.7%,69.0%,0.29
